<informational>
    <ike_header>
        <initspi size="8">null</initspi>
        <respspi size="8">null</respspi>
        <nextpld size="1">2e</nextpld>
        <version size="1">20</version>
        <exch_type size="1">25</exch_type>
        <flags size="1">08</flags>
        <msgid size="4">null</msgid>
        <length size="4">null</length>
    </ike_header>
    <payload_enc>
        <p_header>
            <n_payld size="1">2a</n_payld>
            <flag size="1">00</flag>
            <payld_len size="2">null</payld_len>
        </p_header>
        <data>
            <!-- Initialization Vector -->
            <!-- The size of the IV should be changed if the integrity algorithm been changed. -->
            <inivec size="16">a0a0a0a0b0b0b0b0c0c0c0c0d0d0d0d0</inivec>
            <enc_data>
                <payload_del>
                    <p_header>
                        <n_payld size="1">00</n_payld>
                        <flag size="1">00</flag>
                        <payld_len size="2">null</payld_len>
                    </p_header>
                    <data>
                        <protoid size="1">01</protoid>
                        <spisize size="1">00</spisize>
                        <spinum size="2">0000</spinum>
                    </data>
                </payload_del>
            </enc_data>
            <!-- The size of the checksum should be changed if the integrity algorithm been changed. -->
            <checksum size="32">null</checksum>
        </data>
    </payload_enc>
</informational>